Adesivo Bond DE 4ml - ALLPRIME	ALLPRIME	Embalagem com 4ml.	ALP10535A	None	28.12	['R$28,99', '1x', None]	InStock	https://www.dentalspeed.com/adesivo-allprime-4ml-allprime.html	https://cdn.dentalspeed.com/produtos/210/adesivo-allprime-4ml-allprime-ds-10535-01.jpg	None
Adesivo Fotopolimerizável Ambar APS 2ml - FGM	FGM	Frasco com 2ml.	FGM12262B	None	46.55	['R$47,99', '1x', None]	OutOfStock	https://www.dentalspeed.com/adesivo-ambar-aps-2-ml-fgm.html	https://cdn.dentalspeed.com/produtos/210/adesivo-ambar-aps-6ml-fgm-12262.jpg	None
Adesivo Ambar APS 6ml - FGM	FGM	Embalagem com 6ml.	FGM12262A	None	132.88	['R$136,99', '1x', None]	InStock	https://www.dentalspeed.com/adesivo-ambar-aps-6ml-fgm.html	https://cdn.dentalspeed.com/produtos/210/embalagem-e-frasco-adesivo-ambar-aps-fgm.jpg	80172310045
Adesivo Ambar APS Ortho - FGM	FGM	Embalagem com 1 frasco de 6ml e 1 manual.	FGM36329A	None	151.31	['R$155,99', '1x', None]	InStock	https://www.dentalspeed.com/adesivo-ambar-aps-ortho-fgm-fgm36329a.html	https://cdn.dentalspeed.com/produtos/210/adesivo-ambar-aps-ortho-6ml-fgm-2025.jpg	None
Adesivo Âmbar Universal Aps Plus - FGM	FGM	Embalagem com 1 frasco de 3ml.	FGM34579A	None	167.80	['R$172,99', '1x', None]	InStock	https://www.dentalspeed.com/adesivo-ambar-universal-aps-plus-fgm-fgm34579a.html	https://cdn.dentalspeed.com/produtos/210/embalagem-adesivo-ambar-universal-aps-plus-fgm.jpg	None
Adesivo Ankor U-Bond 5ml - Angelus	ANGELUS	Embalagem com 1 frasco de 5mL.	ANG38251A	None	80.41	['R$82,90', '1x', None]	InStock	https://www.dentalspeed.com/adesivo-ankor-u-bond-5ml-angelus-ang38251a.html	https://cdn.dentalspeed.com/produtos/210/adesivo-ankor-u-bond-5ml-angelus-hsb.jpg	10349459024
Adesivo Ankor U-Bond Universal 5ml - Angelus	ANGELUS	Embalagem com 1 frasco de 5mL.	ANG38250A	None	212.33	['R$218,90', '2x', 'R$109,45']	InStock	https://www.dentalspeed.com/adesivo-ankor-u-bond-universal-5ml-angelus-ang38250a.html	https://cdn.dentalspeed.com/produtos/210/adesivo-ankor-u-bond-universal-5ml-angelus-hsb.jpg	10349459021
Adesivo Aridus Bond 6ml - Superdont	SUPERDONT	Embalagem com 3ml de Base + 3ml de Catalisador.	SUT15398A	None	60.04	['R$61,90', '1x', None]	InStock	https://www.dentalspeed.com/adesivo-aridus-bond-6ml-superdont.html	https://cdn.dentalspeed.com/produtos/210/adesivo-aridus-bond-6ml-superdont-15398-1.jpg	None
Adesivo Astra Mono 5ml - Yller	YLLER	Embalagem com 1 frasco de Astra Mono 5ml.	YLL38424A	None	95.93	['R$98,90', '1x', None]	InStock	https://www.dentalspeed.com/adesivo-astra-mono-5ml-yller-yll38424a.html	https://cdn.dentalspeed.com/produtos/210/adesivo-astra-mono-5ml-yller-hsb.jpg	81009359006
Adesivo Astra Universal 6ml - Yller	YLLER	Embalagem com 1 frasco de Astra Universal 6ml.	YLL38423A	None	173.53	['R$178,90', '1x', None]	InStock	https://www.dentalspeed.com/adesivo-astra-universal-6ml-yller-yll38423a.html	https://cdn.dentalspeed.com/produtos/210/adesivo-astra-universal-5ml-yller-hsb.jpg	81009359006
Adesivo Beautibond Extreme - Shofu	SHOFU	Embalagem com 1 adesivo de 5ml, 50 microbrushs e 25 dispensers.	SHO33347A	None	474.23	['R$488,90', '4x', 'R$122,23']	InStock	https://www.dentalspeed.com/adesivo-beautibond-extreme-shofu-sho33347a.html	https://cdn.dentalspeed.com/produtos/210/adesivo-beautibond-extreme-shofu-dental-speed-sho33347a.jpg	None
Adesivo Bond 2.1 - 4ml - MAQUIRA	MAQUIRA	Embalagem com 4ml.	MAQ9153A	None	18.91	['R$19,49', '1x', None]	InStock	https://www.dentalspeed.com/adesivo-bond-21-4ml-maquira.html	https://cdn.dentalspeed.com/produtos/210/embalagem-adesivo-bond-2-1-4ml-MAQ9153A.jpg	None
Adesivo Bond 2.1 - Maquira	MAQUIRA	Embalagem com 5ml.	MAQ9153B	None	25.21	['R$25,99', '1x', None]	InStock	https://www.dentalspeed.com/adesivo-bond-21-5ml-maquira.html	https://cdn.dentalspeed.com/produtos/210/adesivo-bond-2-1-maquira-1-maq9153b.jpg	None
Adesivo Bond 2.1 6ml - Maquira	MAQUIRA	Embalagem com 6ml.	MAQ9153C	None	29.09	['R$29,99', '1x', None]	InStock	https://www.dentalspeed.com/adesivo-bond-21-6ml-maquira.html	https://cdn.dentalspeed.com/produtos/210/adesivo-bond-2-1-maquira-2-6ml-maq9153c.jpg	None
Adesivo Bondaf Nano de 6ml - AF do Brasil	AF do Brasil	Embalagem com 6ml.	AAF34668A	None	29.00	['R$29,90', '1x', None]	InStock	https://www.dentalspeed.com/adesivo-bondaf-nano-de-6ml-af-do-brasil-aaf34668a.html	https://cdn.dentalspeed.com/produtos/210/adesivo-bondaf-nano-de-6ml-aaf-aaf34668a.jpg	None
Adesivo Clearfil Primer Plus Universal 4ml - Kuraray	KURARAY	Embalagem com 1 frasco de 4ml.	KUR20891A	None	472.29	['R$486,90', '4x', 'R$121,73']	OutOfStock	https://www.dentalspeed.com/adesivo-clearfil-primer-plus-universal-kuraray.html	https://cdn.dentalspeed.com/produtos/210/detalhes-frasco-adesivo-clearfil-primer-plus-universal-kuraray-20891a.jpg	None
Adesivo Clearfil Tri-S Bond Universal Quick - Kuraray	KURARAY	Embalagem com 5ml.	KUR35147A	None	424.76	['R$437,90', '4x', 'R$109,48']	OutOfStock	https://www.dentalspeed.com/adesivo-clearfil-tri-s-bond-universal-quick-kuraray-kur35147a.html	https://cdn.dentalspeed.com/produtos/210/1-adesivo-clearfil-tri-s-bond-universal-quick-kuraray-kur35147a.jpg	None
Adesivo Scotchbond™ 7543 - Solventum	SOLVENTUM	Embalagem com 1 frasco de 8ml.	3MS3382A	None	394.69	['R$406,90', '4x', 'R$101,73']	InStock	https://www.dentalspeed.com/adesivo-dental-scotchbond-7543-8ml-solventum.html	https://cdn.dentalspeed.com/produtos/210/adesivo-scothbond-7543-8ml-3m-dentalspeed-3382a-1.jpg	80284930232
Adesivo Mono Extra Bond 4ml - Biodinâmica	BIODINÂMICA	Embalagem com 4ml.	BIO11828A	None	21.24	['R$21,90', '1x', None]	InStock	https://www.dentalspeed.com/adesivo-extra-bond-biodinamica.html	https://cdn.dentalspeed.com/produtos/210/adesivo-extra-bond-biodinamica-11828.jpg	None
Adesivo Mono Extra Bond 6ml - Biodinâmica	BIODINÂMICA	Embalagem com 6ml.	BIO15802A	None	27.06	['R$27,90', '1x', None]	InStock	https://www.dentalspeed.com/adesivo-extra-bond-de-6ml-biodinamica.html	https://cdn.dentalspeed.com/produtos/210/adesivo-extra-bond-d-e-6ml-biodinamica-dentalspeed-15802-1.jpg	None
Adesivo Futurabond U - Voco	VOCO	Embalagem com 50 unidoses.	VAF11077A	None	555.71	['R$572,90', '5x', 'R$114,58']	InStock	https://www.dentalspeed.com/adesivo-futurabond-u-voco.html	https://cdn.dentalspeed.com/produtos/210/adesivo-futurabond-u-voco-ds-vaf11077a.jpg	80230400050
Adesivo Universal GLUMA Bond Universal 4 ml - Kulzer	KULZER	Embalagem com 1 frasco com 4ml.	KGB13900A	None	213.39	['R$219,99', '2x', 'R$110,00']	InStock	https://www.dentalspeed.com/adesivo-gluma-bond-universal-4ml-kulzer.html	https://cdn.dentalspeed.com/produtos/210/adesivo-gluma-bond-universal-4ml-kulzer-13900-2.jpg	10166840092
Adesivo Gluma Bond5 4ml - Kulzer	KULZER	Embalagem com 1 frasco com 4 ml.	KZR18059A	None	96.99	['R$99,99', '1x', None]	InStock	https://www.dentalspeed.com/adesivo-gluma-bond5-kulzer.html	https://cdn.dentalspeed.com/produtos/210/adesivo-gluma-bond5-kulzer-dentalspeed-18059a-1.jpg	None
Adesivo Humidus Bond 2.1 2ml - Superdont	SUPERDONT	Embalagem com 1 frasco de 2ml.	SUP37373A	None	19.30	['R$19,90', '1x', None]	InStock	https://www.dentalspeed.com/adesivo-humidus-bond-2-1-2ml-superdont-sup37373a.html	https://cdn.dentalspeed.com/produtos/210/adesivo-humidus-bond-2-1-2ml-superdont-154328.jpg	None
Adesivo Humidus Bond 2.1 4ml - Superdont	SUPERDONT	Embalagem com 1 frasco de 4ml.	SUP37374A	None	22.21	['R$22,90', '1x', None]	InStock	https://www.dentalspeed.com/adesivo-humidus-bond-2-1-4ml-superdont-sup37374a.html	https://cdn.dentalspeed.com/produtos/210/adesivo-humidus-bond-2-1-4ml-superdont-154329.jpg	None
Adesivo Humidus Bond 2ml - Superdont	SUPERDONT	Embalagem com 2ml.	SUT15399A	None	18.33	['R$18,90', '1x', None]	InStock	https://www.dentalspeed.com/adesivo-humidus-bond-2ml-superdont.html	https://cdn.dentalspeed.com/produtos/210/adesivo-humidus-bond-2ml-superdont-15399-1.jpg	None
Adesivo Humidus Bond 4ml - Superdont	SUPERDONT	Embalagem com 4ml.	SUT15400A	None	29.97	['R$30,90', '1x', None]	InStock	https://www.dentalspeed.com/adesivo-humidus-bond-4ml-superdont.html	https://cdn.dentalspeed.com/produtos/210/adesivo-humidus-bond-4ml-superdont-15400-1.jpg	None
Adesivo Magic Bond DE com Flúor - Vigodent	VIGODENT	Embalagem com 5ml.	VMB4309A	None	42.67	['R$43,99', '1x', None]	InStock	https://www.dentalspeed.com/adesivo-magic-bond-de-com-fluor-vigodent.html	https://cdn.dentalspeed.com/produtos/210/adesivo-magic-bond-de-com-fluor-vigodent-ds-vmb4309a-01.jpg	10068870076
Adesivo Magic Bond Universal 5ml - Vigodent	VIGODENT	Embalagem com 5ml.	VIG34667A	None	86.32	['R$88,99', '1x', None]	InStock	https://www.dentalspeed.com/adesivo-magic-bond-universal-5ml-vigodent-vig34667a.html	https://cdn.dentalspeed.com/produtos/210/adesivo-magic-bond-universal-5ml-vigodent-vig34667a.jpg	None
Adesivo Magic Bond - VIGODENT COLTENE	VIGODENT	Embalagem com 5ml.	VMB4308A	None	34.82	['R$35,90', '1x', None]	InStock	https://www.dentalspeed.com/adesivo-magic-bond-vigodent.html	https://cdn.dentalspeed.com/produtos/210/adesivo-magic-bond-vigodent-ds-vmb4308a.jpg	10068870076
Adesivo One Coat Bond SL 5ml - Coltene	COLTENE	Embalagem com 5ml.	CTN30706A	None	78.47	['R$80,90', '1x', None]	InStock	https://www.dentalspeed.com/adesivo-one-coat-bond-sl-coltene.html	https://cdn.dentalspeed.com/produtos/210/adesivo-one-coat-bond-sl-coltene-ds-30706.jpg	None
Adesivo OptiBond Solo Plus - Kerr	KERR	Embalagem com 5ml.	KER37743A	None	125.12	['R$128,99', '1x', None]	InStock	https://www.dentalspeed.com/adesivo-optibond-solo-plus-kerr-ker37743a.html	https://cdn.dentalspeed.com/produtos/210/adesivo-optibond-plus-kerr-hsb.jpg	None
Adesivo Optibond Universal 360 Bottle Refill Row - Kerr	KERR	Embalagem com 1 frasco de 5 ml.	KER38480A	None	302.63	['R$311,99', '3x', 'R$104,00']	InStock	https://www.dentalspeed.com/adesivo-optibond-universal-360-bottle-refill-row-kerr-ker38480a.html	https://cdn.dentalspeed.com/produtos/210/adesivo-optibond-universal-360-bottle-refill-row-kerr-hsb.jpg	10064019049
Adesivo Palfique Bond 5ml - Tokuyama	TOKUYAMA	Embalagem com 5ml.	TOK13739A	None	290.99	['R$299,99', '2x', 'R$150,00']	InStock	https://www.dentalspeed.com/adesivo-palfique-bond-5ml-tokuyama-dental.html	https://cdn.dentalspeed.com/produtos/210/adesivo-palfique-bond-5ml-tokuyama-dental-ds-tok13739a.jpg	None
Adesivo Peakl 4ml - Ultradent	ULTRADENT	Embalagem com 4ml.	ULT28514A	None	116.39	['R$119,99', '1x', None]	InStock	https://www.dentalspeed.com/adesivo-peak-4ml-ultradent.html	https://cdn.dentalspeed.com/produtos/210/adesivo-peak-universal-4ml-ultradent-ds-ult28514a.jpg	None
Adesivo Prime & Bond Universal ST 4ml - Dentsply Sirona	DENTSPLY SIRONA	Embalagem com 4ml.	DEN13624A	None	327.85	['R$337,99', '3x', 'R$112,66']	InStock	https://www.dentalspeed.com/adesivo-prime-universal-st-dentsply-sirona.html	https://cdn.dentalspeed.com/produtos/210/adesivo-prime-universal-st-dentsply-sirona-13624.jpg	None
Adesivo Scotchbond Universal Plus 3ml - Solventum	SOLVENTUM	Embalagem com 1 Frasco de adesivo Scotchbond Universal Plus de 3ml.	MMM29751A	None	281.29	['R$289,99', '2x', 'R$145,00']	InStock	https://www.dentalspeed.com/adesivo-scotchbond-universal-plus-3ml-m-solventum.html	https://cdn.dentalspeed.com/produtos/210/adesivo-scotchbond-universal-plus-3ml-3m-ds-29751.jpg	None
Adesivo Signum Universal Bond - Kulzer	KULZER	Embalagem com 1 Signum Universal Bond I 4ml + 1 Signum Universal Bond II 4ml.	KUL36749A	None	484.90	['R$499,90', '4x', 'R$124,98']	InStock	https://www.dentalspeed.com/adesivo-signum-universal-bond-kulzer-kul36749a.html	https://cdn.dentalspeed.com/produtos/210/adesivo-signum-universal-bond-hsb.jpg	None
Adesivo Single Bond Universal 3ml - Solventum	SOLVENTUM	Embalagem com 1 Adesivo Single Bond Universal de 3ml.	MMM20502A	None	193.99	['R$199,99', '1x', None]	InStock	https://www.dentalspeed.com/adesivo-single-bond-universal-3m-solventum.html	https://cdn.dentalspeed.com/produtos/210/adesivo-single-bond-universal-3m-20502.jpg	None
Adesivo Tetric N-Bond Universal 6g - Ivoclar	IVOCLAR	Embalagem com 6ml.	IVO11036A	None	303.51	['R$312,90', '3x', 'R$104,30']	OutOfStock	https://www.dentalspeed.com/adesivo-tetric-n-bond-universal-6g-ivoclar-vivadent.html	https://cdn.dentalspeed.com/produtos/210/adesivo-tetric-n-bond-universal-6g-ivoclar-vivadent-11036.jpg	80091440114
Adesivo Universal Beautibond Xtreme 5ml - Shofu	SHOFU	Embalagem com 5ml.	SHO37751A	None	316.12	['R$325,90', '3x', 'R$108,63']	InStock	https://www.dentalspeed.com/adesivo-universal-beautibond-xtreme-5ml-shofu-sho37751a.html	https://cdn.dentalspeed.com/produtos/210/adesivo-universal-beautibond-xtreme-5ml-shofu-hsb.jpg	None
Adesivo Universal Bond Autopolimerizável - Tokuyama	TOKUYAMA	Embalagem com 1 frasco de Bond A (5ml), 01 frasco de BOND B (5ml), 25 microaplicadores descartáveis finos, 01 recipiente misturador e 05 recipientes misturadores descartáveis.	TOK18095A	None	664.44	['R$684,99', '6x', 'R$114,17']	InStock	https://www.dentalspeed.com/adesivo-universal-bond-autopolimerizavel-tokuyama-dental.html	https://cdn.dentalspeed.com/produtos/210/adesivo-universal-bond-autopolimerizavel-tokuyama-dental-ds-tok18095a.jpg	None
Adesivo Universal - Henry Schein	HENRY SCHEIN	Embalagem com 1 frasco de 5ml.	ALL36603A	None	49.46	['R$50,99', '1x', None]	InStock	https://www.dentalspeed.com/adesivo-universal-henry-schein-all36603a.html	https://cdn.dentalspeed.com/produtos/210/adesivo-universal--all36603a.jpg	10068879066
Adesivo Universal One Coat 7 5ml - Coltene	COLTENE	Embalagem com 5ml.	CTN30707A	None	195.84	['R$201,90', '2x', 'R$100,95']	InStock	https://www.dentalspeed.com/adesivo-universal-one-coat-7-coltene.html	https://cdn.dentalspeed.com/produtos/210/adesivo-universal-one-coat-7-coltene-CTN30707A-1.jpg	None
Adesivo Universal Theros 4ml - Biodinâmica	BIODINÂMICA	Embalagem com 4ml.	BIO37334A	None	151.22	['R$155,90', '1x', None]	InStock	https://www.dentalspeed.com/adesivo-universal-theros-4ml-biodinamica-bio37334a.html	https://cdn.dentalspeed.com/produtos/210/adesivo-universal-theros-4ml-biodinamica-154215.jpg	None
Adesivo Ybond Mono 5ml - Yller	YLLER	Embalagem com 1 frasco de 5ml.	YLE12058A	None	33.85	['R$34,90', '1x', None]	OutOfStock	https://www.dentalspeed.com/adesivo-ybond-mono-yller.html	https://cdn.dentalspeed.com/produtos/210/adesivo-ybond-mono-yle12058a-new.jpg	81009350006
Adesivo Ybond Universal - Yller	YLLER	Embalagem com 1 frasco de 5ml.	YLE12059A	None	64.01	['R$65,99', '1x', None]	InStock	https://www.dentalspeed.com/adesivo-ybond-universal-yller.html	https://cdn.dentalspeed.com/produtos/210/adesivo-ybond-universal-yle12059a-new.jpg	81009350001
Adesivo Universal Zipbond 5ml - SDI	SDI	Embalagem com 5ml.	SDI31299A	None	272.47	['R$280,90', '2x', 'R$140,45']	InStock	https://www.dentalspeed.com/adesivo-zipbond-universal-sdi-sdi31299a.html	https://cdn.dentalspeed.com/produtos/210/adesivo-zipbond-universal-sdi-ds-31299a.jpg	None
Adesivo Adper Single Bond 2 - Solventum	SOLVENTUM	Embalagem com 6g. Adesivo nanoparticulado.	3MA3379A	None	183.32	['R$188,99', '1x', None]	InStock	https://www.dentalspeed.com/adper-single-bond-2-3m-solventum.html	https://cdn.dentalspeed.com/produtos/210/adesivo-adper-single-bond-2-3m-dental-speed-3ma3379a.jpg	None
Adesivo Ambar 4ml - FGM	FGM	Embalagem com 4ml.	FGA4241B	None	65.95	['R$67,99', '1x', None]	InStock	https://www.dentalspeed.com/ambar-4ml-fgm.html	https://cdn.dentalspeed.com/produtos/210/embalagem-adesivo-ambar-6ml-fgm.jpg	None
Adesivo Ambar 6ml - FGM	FGM	Embalagem com 6ml.	FGA4241A	None	82.44	['R$84,99', '1x', None]	InStock	https://www.dentalspeed.com/ambar-6ml-fgm.html	https://cdn.dentalspeed.com/produtos/210/embalagem-adesivo-ambar-6ml-fgm.jpg	80172310045
Ambar Universal APS 5ml - FGM	FGM	Embalagem com 5ml.	FGA14121A	None	239.58	['R$246,99', '2x', 'R$123,50']	InStock	https://www.dentalspeed.com/ambar-universal-aps-5ml-fgm.html	https://cdn.dentalspeed.com/produtos/210/ambar-universal-aps-fgm-frasco-5ml-hsb.jpg	80172319014
Adesivo Futurabond DC - Voco	VOCO	Embalagem com 50 unidoses.	VFB5078A	None	387.99	['R$399,99', '3x', 'R$133,33']	InStock	https://www.dentalspeed.com/futurabond-dc-voco.html	https://cdn.dentalspeed.com/produtos/210/futurabond-dc-5078-2.jpg	80230400019
Kit Adesivo Clearfil SE Bond + Primer - Kuraray	KURARAY	Embalagem com + 1 Primer de 6ml + 1 Bond de 5ml + 50 pontas aplicadoras tipo pincel descartáveis + 2 cabos (preto e branco) para ponta aplicadora tipo pincel + 1 prato de mistura + 1 placa de bloqueio de luz + 1 estojo exterior para fácil dispensação.	KUR20887A	None	822.46	['R$847,90', '8x', 'R$105,99']	InStock	https://www.dentalspeed.com/kit-adesivo-clearfil-se-bond-primer-kuraray.html	https://cdn.dentalspeed.com/produtos/210/embalagem-itens-adesivo-clearfil-se-bond-kuraray-20887.jpg	None
Kit Adesivo FL-Bond 5ml + Primer 5ml e Micropincéis - Shofu	SHOFU	Embalagem com adesivo 5 ml, Primer 5ml , 25 micro pincéis vermelhos, 25 micro pincéis amarelos e casulos para mistura branco e preto para proteção contra luz ambiente.	SHO29514A	None	676.96	['R$697,90', '6x', 'R$116,32']	OutOfStock	https://www.dentalspeed.com/kit-adesivo-fl-bond-5ml-primer-5ml-e-micropinceis-shofu.html	https://cdn.dentalspeed.com/produtos/210/kit-adesivo-fl-bond-5-ml-primer-shofu-ds-29514-01.jpg	None
Kit Adesivo Universal Tetric N-Bond Vivapen 1x2ml/40 - Ivoclar	IVOCLAR	Embalagem com 1 caneta e 40 ponteiras para aplicação.	IVO38221A	None	261.89	['R$269,99', '2x', 'R$135,00']	OutOfStock	https://www.dentalspeed.com/kit-adesivo-universal-tetric-n-bond-vivapen-1x2ml-40-ivoclar-ivo38221a.html	https://cdn.dentalspeed.com/produtos/210/kit-adesivo-universal-tetric-n-bond-vivapen-1x2ml-40-hsb.jpg	None
Kit Adesivo e Primer Optibond FL - Kerr	KERR	Kit com 1 unidade de Optibond FL Prime 8ml + 1 unidade de Adesivo Optibond FL Refil 8ml.	KERR33341A	None	544.16	['R$560,99', '5x', 'R$112,20']	InStock	https://www.dentalspeed.com/kit-optibond-fl-primer-adesivo-kerr-kerr33341a.html	https://cdn.dentalspeed.com/produtos/210/apresentacao-kit-optibond-fl-primer-adesivo-kerr.jpg	10064010092
Kit Promocional Adesivo Single Bond Universal 5ml + Adesivo Scotchbond Universal Plus 1,5ml - Solventum	SOLVENTUM	Kit com 1 frasco de Single Bond Universal de 5ml e 1 frasco de Scotchbond Universal Plus de 1,5ml.	SOL38790A	None	409.33	['R$421,99', '4x', 'R$105,50']	InStock	https://www.dentalspeed.com/kit-promocional-adesivo-single-bond-universal-5ml-adesivo-scotchbond-universal-plus-1-5ml-solventum-sol38790a.html	https://cdn.dentalspeed.com/produtos/210/kit-promocional-adesivo-single-bond-universal-5ml-adesivo-scotchbond-universal-plus-1-5ml-hsb.jpg	None
Adesivo Master Bond Refil 5ml - Biodinâmica	BIODINÂMICA	Embalagem com 5ml.	BIO4184A	None	26.18	['R$26,99', '1x', None]	InStock	https://www.dentalspeed.com/master-bond-refil-5ml-biodinamica.html	https://cdn.dentalspeed.com/produtos/210/adesivo-master-bond-refil-5ml-biodinamica-dentalspeed-4184a-1.jpg	None
Adesivo Optibond FL - Kerr	KERR	Embalagem com 1 frasco de 8ml.	KOP4978A	None	346.28	['R$356,99', '3x', 'R$119,00']	InStock	https://www.dentalspeed.com/optibond-fl-adesivo-kerr.html	https://cdn.dentalspeed.com/produtos/210/adesivo-optibond-fl-prime-kerr-ds-kop4978a.jpg	10064010092
Adesivo Optibond FL Primer - Kerr	KERR	Embalagem com 1 frasco de primer de 8ml.	KOP4979A	None	288.08	['R$296,99', '2x', 'R$148,50']	InStock	https://www.dentalspeed.com/optibond-fl-prime-kerr.html	https://cdn.dentalspeed.com/produtos/210/optibond-fl-prime-kerr-ds-kop4979a.jpg	10064010092
Adesivo Optibond Universal 5ml - Kerr	KERR	Embalagem com 5ml.	KAV20226A	None	159.07	['R$163,99', '1x', None]	InStock	https://www.dentalspeed.com/optibond-universal-5ml-kavo.html	https://cdn.dentalspeed.com/produtos/210/optibond-universal-5ml-kavo-KAV20226A.jpg	10064010278
Primer Scotchbond 3008 - Solventum	SOLVENTUM	Embalagem com 1 frasco de 8ml. Frasco nº 2.	3MS3383A	None	533.40	['R$549,90', '5x', 'R$109,98']	InStock	https://www.dentalspeed.com/primer-scotchbond-3008-8-ml-3m-solventum.html	https://cdn.dentalspeed.com/produtos/210/primer-scothbond-3008-8ml-3m-dentalspeed-3383a-1.jpg	80284930232
Adesivo Single Bond Universal - Solventum	SOLVENTUM	Embalagem com 5ml.	3MS6439A	None	337.55	['R$347,99', '3x', 'R$116,00']	InStock	https://www.dentalspeed.com/single-bond-universal-3m-solventum.html	https://cdn.dentalspeed.com/produtos/210/adesivo-single-bond-universal-3m-dentalspeed-6439a-1.jpg	None
Adesivo Stae - SDI	SDI	Embalagem com 5ml.	SDI5367A	None	89.14	['R$91,90', '1x', None]	InStock	https://www.dentalspeed.com/stae-refil-sdi.html	https://cdn.dentalspeed.com/produtos/210/adesivo-stae-refil-sdi-dentalspeed-5367a-1.jpg	None
Adesivo Tetric N-Bond 6g - Ivoclar	IVOCLAR	Embalagem com 6g.	IVO5145A	None	147.43	['R$151,99', '1x', None]	InStock	https://www.dentalspeed.com/tetric-n-bond-6g-ivoclar-vivadent.html	https://cdn.dentalspeed.com/produtos/210/adesivo-tetric-n-bond-6g-ivoclar-ds-ivo5145a-01.jpg	None
Venc 01/11/2026 Adesivo Optibond Fl Primer - Kerr	KERR	Embalagem com 1 frasco de primer de 8ml.	X-KOP4979A	None	236.67	['R$243,99', '2x', 'R$122,00']	InStock	https://www.dentalspeed.com/venc-01-11-2026-adesivo-optibond-fl-primer-kerr-x-kop4979a.html	https://cdn.dentalspeed.com/produtos/210/optibond-fl-prime-kerr-ds-kop4979a.jpg	10064010092
set()
